{"node": [0.9924814063556459, 0.7706828938471941, 0.13536173089925596], "edge": [0.29980485085029285, 0.6460124523743146, 0.8794108354242172], "global": [0.9882352941176471, 0.5529411764705883, 0.3843137254901961], "adj": [0.6509803921568628, 0.8470588235294118, 0.32941176470588235], "background": [0.93, 0.93, 0.93], "node-swatches": [[0.9924814063556457, 0.7674465023456587, 0.13536173089925607], [0.8734523326572009, 0.694569860642311, 0.05439080459770096], [1.0, 0.7576748181719338, 0.3278431372549018], [0.6487843137254902, 0.5430318108334836, 0.07905882352941163], [1.0, 0.8326779518668364, 0.527843137254902], [0.44411629479377945, 0.33733861194111003, 0.08372684246112228], [0.9999999999999999, 0.9082666349012312, 0.727843137254902], [0.25944827586206887, 0.2020064016045978, 0.0683948613928329], [1.0, 0.9813848058843211, 0.9278431372549019]], "edge-swatches": [[0.29980485085029296, 0.5829594858035969, 0.879410835424217], [0.19282659604126007, 0.4772123087565132, 0.78638909023325], [0.4393817489080941, 0.734099492038965, 0.9398339373664159], [0.19240349409906143, 0.39304748652063987, 0.5868121921754486], [0.5989586469658955, 0.786719796121653, 0.9802570393086146], [0.17198039215686278, 0.2896829512386325, 0.40723529411764714], [0.7792156862745102, 0.8962258562972562, 0.9999999999999999], [0.13155729021466414, 0.19897522573591808, 0.24765839605984583], [0.97921568627451, 0.9900161095941864, 1.0]], "global-swatches": [[0.9882352941176471, 0.48534949270235106, 0.38431372549019605], [0.9431127450980393, 0.4678044058222559, 0.22943627450980386], [0.9999999999999999, 0.6537426109893942, 0.5725490196078432], [0.8570588235294119, 0.29194310551389424, 0.11549019607843125], [0.9999999999999999, 0.8306129331366469, 0.7725490196078434], [0.6421813725490195, 0.3315522057102516, 0.13036764705882353], [1.0, 0.9800188502419009, 0.9725490196078432], [0.4473039215686274, 0.19544107959727275, 0.12524509803921569], [1.0, 1.0, 1.0]], "adj-swatches": [[0.6950994836962616, 0.8470588235294119, 0.3294117647058823], [0.5832743745619404, 0.7463025210084033, 0.23016806722689087], [0.7438291297316966, 0.915378151260504, 0.4610924369747901], [0.45425871872746093, 0.5546218487394958, 0.2218487394957983], [0.8052430966036768, 0.9636974789915965, 0.6127731092436978], [0.3041094322524269, 0.3829411764705882, 0.1935294117647059], [0.9306474769422889, 0.9920168067226892, 0.784453781512605], [0.20833211085483644, 0.23126050420168068, 0.14521008403361343], [0.9902708147261767, 1.0, 0.9764705882352942]], "background-swatches": [[0.93, 0.93, 0.93], [0.8300000000000001, 0.8300000000000001, 0.8300000000000001], [1.0, 1.0, 1.0], [0.73, 0.73, 0.73], [1.0, 1.0, 1.0], [0.63, 0.63, 0.63], [1.0, 1.0, 1.0], [0.53, 0.53, 0.53], [0.9999999999999999, 1.0, 1.0]]}